{
    "normals":[-1,0,0,0,-0,-1,1,0,0,0,0,1,0,-1,0,0,1,0],
    "vertices":[-0.5,-1.2,0.5,-0.5,1.2,0.5,-0.5,-1.2,-0.5,-0.5,1.2,-0.5,0.5,-1.2,0.5,0.5,1.2,0.5,0.5,-1.2,-0.5,0.5,1.2,-0.5],
    "faces":[41,0,1,3,2,0,1,2,3,0,0,0,0,41,2,3,7,6,4,5,6,7,1,1,1,1,41,6,7,5,4,7,6,8,9,2,2,2,2,41,1,0,4,5,10,11,9,8,3,3,3,3,41,4,0,2,6,13,0,3,12,4,4,4,4,41,7,3,1,5,14,2,1,15,5,5,5,5],
    "metadata":{
        "generator":"io_three",
        "type":"Geometry",
        "version":3,
        "vertices":8,
        "faces":6,
        "normals":6,
        "uvs":1
    },
    "uvs":[[0.772885,0.227332,0.772885,0.772668,0.545662,0.772668,0.545662,0.227332,0.000109,0.000109,0.545445,0.000109,0.545445,0.227332,0.000109,0.227332,0.545445,0.454555,0.000109,0.454555,0.545445,0.681779,0.000109,0.681779,0.545662,0.000109,0.772885,0.000109,0.545662,0.999891,0.772885,0.999891]]
}