{
    "vertices":[0.371849,-0.382055,-0.374799,0.371849,-0.382055,0.4,-0.402951,-0.382055,0.4,-0.402951,-0.382055,-0.374799,0.371849,0.392744,-0.374799,0.371848,0.392744,0.400001,-0.402951,0.392744,0.4,-0.402951,0.392744,-0.374799,0.676897,-0.322941,-0.315685,0.676897,-0.322941,0.340886,0.676897,0.33363,-0.315685,0.676897,0.33363,0.340887,0.683699,-0.305954,-0.298698,0.683699,-0.305954,0.323899,0.683699,0.316643,-0.298697,0.683698,0.316643,0.323899,0.676756,-0.306747,-0.299491,0.676756,-0.306747,0.324692,0.676757,0.317436,-0.299491,0.676756,0.317436,0.324692,0.268196,0.611633,-0.271146,0.268195,0.611633,0.296347,-0.299298,0.611633,-0.271146,-0.299298,0.611633,0.296347,0.268196,0.610909,-0.271146,0.268195,0.610909,0.296347,-0.299298,0.610909,-0.271146,-0.299298,0.610909,0.296347,0.259822,0.47601,-0.262773,0.259822,0.47601,0.287974,-0.290924,0.47601,-0.262773,-0.290925,0.47601,0.287974,0.106653,0.499131,-0.109603,0.106652,0.499131,0.134804,-0.137755,0.499131,-0.109603,-0.137755,0.499131,0.134804,0.101705,0.938269,-0.104655,0.101705,0.938269,0.129856,-0.132807,0.938269,-0.104655,-0.132807,0.938269,0.129856,0.059193,0.946542,-0.062144,0.059193,0.946542,0.087345,-0.090296,0.946542,-0.062144,-0.090296,0.946542,0.087345,0.059193,0.959877,-0.062144,0.059193,0.959877,0.087345,-0.090296,0.959877,-0.062144,-0.090296,0.959877,0.087345,0.017465,0.978243,-0.020415,0.017465,0.978243,0.045616,-0.048567,0.978243,-0.020415,-0.048567,0.978243,0.045616],
    "uvs":[[0,0.524056,0.292762,0.524056,0.292762,0.816645,0,0.816645,0.292762,0.699921,0.585524,0.699921,0.546358,0.785625,0.331928,0.785625,0.66937,0.115612,0.377199,0.115432,0.400909,0,0.648497,0.000153,0.66937,0.408285,0.377199,0.408104,0.585524,0.408285,0.292762,0.408285,0.292171,0.292673,0,0.292853,0,0.000181,0.292171,0,0.585524,0.65631,0.585524,0.408285,0.592068,0.414702,0.592068,0.649892,0.271298,0.408132,0.02371,0.408285,0.022337,0.408285,0.270425,0.408285,0.833276,0.700971,0.833276,0.408285,0.948656,0.430615,0.948657,0.67864,0.826296,0.891304,0.826296,0.656588,0.828916,0.656309,0.828916,0.891624,0.833276,0.656309,0.827,0.649892,0.833276,0.408285,0.827,0.414702,0.585524,0.656309,0.821055,0.65631,0.821055,0.892099,0.585524,0.892099,0.823676,0.656609,0.823676,0.8918,0.821055,0.892099,0.821055,0.656309,0.828916,0.8918,0.828916,0.656609,0.831531,0.656309,0.831531,0.892099,0.823676,0.891345,0.823676,0.656629,0.826296,0.656309,0.826296,0.891623,0.948657,0.62265,0.948657,0.408285,0.94893,0.408285,0.94893,0.62265,0.377199,0.039483,0.377199,0.253847,0.754399,0.154437,0.754399,0.368802,0.917911,0.700971,0.917911,0.993657,0.833276,0.954502,0.833276,0.740127,0.477732,0.99999,0.477732,0.785625,0.528802,0.788787,0.528802,0.996826,0.477459,0.99999,0.477458,0.785625,0.580132,0.785625,0.580132,1,0.579859,1,0.579859,0.785625,0.969252,0.700971,0.969252,0.915346,0.968979,0.915346,0.968979,0.700971,0.962498,0,0.962498,0.208049,0.904669,0.150188,0.904669,0.057861,0.528802,0.996837,0.528802,0.788788,0.917911,0.912183,0.917911,0.704134,1,0.411449,1,0.619488,0.385108,0.951296,0.292762,0.951296,0.294716,0.785625,0.383323,0.785625,0.754399,0,0.81232,0.057861,0.754399,0.208049,0.81232,0.150188,0.088611,0.816645,0.088611,0.905233,0.072548,0.889157,0.072548,0.832688,0.846749,0.373808,0.754399,0.373808,0.756268,0.208049,0.84488,0.208049,0.477458,0.951076,0.385108,0.951076,0.386978,0.785625,0.475589,0.785625,0.939095,0.37372,0.846749,0.37372,0.848534,0.208049,0.937142,0.208049,0.155154,0.873116,0.155154,0.816645,0.160175,0.816645,0.160175,0.873116,0,0.905233,0.016063,0.889157,0,0.816645,0.016063,0.832688,0.145096,0.816645,0.145096,0.873115,0.129329,0.857315,0.129329,0.832372,0.155154,0.873113,0.150125,0.873116,0.150125,0.816648,0.150125,0.873116,0.145096,0.873113,0.145096,0.816645,0.585524,0.785625,0.585524,0.842096,0.580492,0.842096,0.580492,0.785625,0.104379,0.857315,0.104379,0.832372,0.088611,0.873115,0.088611,0.816645]],
    "metadata":{
        "vertices":52,
        "generator":"io_three",
        "version":3,
        "type":"Geometry",
        "uvs":1,
        "normals":50,
        "faces":50
    },
    "normals":[-0,-1,0,-0.903788,0.427981,-0,0.190246,-0,0.981736,-0,-0,1,-1,-0,-0,0,0,-1,0.92835,0.371707,1e-06,0.190247,0,-0.981736,0.190247,-0.981736,0,0.190247,0.981736,0,-0.113526,0,-0.993535,0.92835,-0,-0.371707,0.92835,0,0.371707,0.92835,-0.371707,0,1,0,0,-0.11353,0.993535,0,-0.113526,-0.993535,-0,-0.11353,-0,0.993535,-0,0,1,0,0.427981,-0.903788,-0,0.427981,0.903788,0.903788,0.427981,0,0,0.061953,-0.998079,0,0,-1,-1,0,-1e-06,1,0,0,-0.149261,0.988798,-0,-0.998079,0.061953,-1e-06,0.998079,0.061953,0,-0,0.061953,0.998079,-0,0.011267,0.999937,0,0.988798,-0.149261,-0,0.988798,0.149261,0.149261,0.988798,0,-0,0.981585,0.191024,0.999937,0.011267,1e-06,-0.999937,0.011267,-0,0,0.011266,-0.999937,-1,0,-0,0.191024,0.981585,0,-0.191024,0.981585,-0,0,0.981585,-0.191024,-0,0.915276,0.402828,0,0,-1,-0,0,1,1,0,1e-06,0,1,0,0.402828,0.915276,0,-0.402828,0.915276,-0,0,0.915276,-0.402828],
    "faces":[41,0,1,2,3,0,1,2,3,0,0,0,0,41,7,6,23,22,4,5,6,7,1,1,1,1,41,5,1,9,11,8,9,10,11,2,2,2,2,41,1,5,6,2,9,8,12,13,3,3,3,3,41,2,6,7,3,14,5,4,15,4,4,4,4,41,4,0,3,7,16,17,18,19,5,5,5,5,41,10,11,15,14,20,21,22,23,6,6,6,6,41,0,4,10,8,17,16,24,25,7,7,7,7,41,1,0,8,9,1,0,26,27,8,8,8,8,41,4,5,11,10,28,29,30,31,9,9,9,9,41,15,13,17,19,32,33,34,35,10,10,10,10,41,8,10,14,12,36,20,23,37,11,11,11,11,41,11,9,13,15,21,38,39,22,12,12,12,12,41,9,8,12,13,38,36,37,39,13,13,13,13,41,16,18,19,17,40,41,42,43,14,14,14,14,41,13,12,16,17,44,45,46,47,15,15,15,15,41,14,15,19,18,48,49,50,51,16,16,16,16,41,12,14,18,16,52,53,54,55,17,17,17,17,41,20,22,26,24,56,57,58,59,18,18,18,18,41,4,7,22,20,16,19,60,61,19,19,19,19,41,6,5,21,23,12,8,62,63,20,20,20,20,41,5,4,20,21,64,65,66,67,21,21,21,21,41,27,25,29,31,68,69,70,71,22,22,22,22,41,23,21,25,27,72,73,69,68,23,23,23,23,41,21,20,24,25,74,75,76,77,24,24,24,24,41,22,23,27,26,78,79,80,81,25,25,25,25,41,30,31,35,34,82,83,84,85,26,26,26,26,41,25,24,28,29,77,76,86,87,27,27,27,27,41,26,27,31,30,81,80,88,89,28,28,28,28,41,24,26,30,28,59,58,90,91,29,29,29,29,41,35,33,37,39,92,93,94,95,30,30,30,30,41,28,30,34,32,96,82,85,97,31,31,31,31,41,31,29,33,35,83,98,99,84,32,32,32,32,41,29,28,32,33,98,96,97,99,33,33,33,33,41,39,37,41,43,100,101,102,103,34,34,34,34,41,33,32,36,37,104,105,106,107,35,35,35,35,41,34,35,39,38,108,109,110,111,36,36,36,36,41,32,34,38,36,112,113,114,115,37,37,37,37,41,42,43,47,46,116,117,118,119,38,38,38,38,41,37,36,40,41,101,120,121,102,39,39,39,39,41,38,39,43,42,122,100,103,123,40,40,40,40,41,36,38,42,40,120,122,123,121,41,41,41,41,41,47,45,49,51,124,125,126,127,42,42,42,42,41,40,42,46,44,117,128,129,130,43,43,43,43,41,43,41,45,47,130,131,132,133,44,44,44,44,41,41,40,44,45,134,135,136,137,45,45,45,45,41,48,50,51,49,138,139,127,126,46,46,46,46,41,45,44,48,49,125,140,138,126,47,47,47,47,41,46,47,51,50,141,124,127,139,48,48,48,48,41,44,46,50,48,140,141,139,138,49,49,49,49]
}